the,19090
and,16294
of,11681
that,6868
to,6427
they,4478
in,3686
unto,3625
i,3316
he,3173
it,3077
their,2797
them,2650
for,2519
be,2505
shall,2485
his,2241
which,2204
a,2135
not,2071
were,2016
ye,2011
did,1989
have,1780
all,1779
had,1767
people,1749
my,1701
god,1669
came,1641
behold,1635
was,1574
lord,1565
pass,1525
with,1514
this,1429
is,1374
yea,1248
land,1247
now,1230
who,1195
by,1186
you,1179
should,1178
are,1164
him,1160
will,1118
upon,1077
as,1046
also,1029
we,1008
from,1001
but,991
things,909
me,871
there,819
because,799
our,796
come,780
many,745
these,740
been,724
your,693
lamanites,692
up,691
even,687
great,681
into,679
therefore,663
said,647
if,646
words,641
do,633
when,631
would,612
forth,606
thou,599
out,588
among,580
father,556
against,555
brethren,543
nephi,539
men,532
according,520
us,518
say,515
may,513
hath,512
after,506
king,502
those,478
again,478
thus,478
no,474
know,474
thy,469
man,468
might,462
one,451
or,438
before,433
on,420
began,418
wherefore,415
time,413
power,409
earth,397
at,394
down,391
away,380
christ,380
more,374
nephites,369
go,367
an,362
day,360
so,358
children,349
concerning,346
son,333
over,319
word,315
alma,313
city,312
name,305
holy,295
has,293
thee,290
could,281
year,280
hearts,280
made,280
spirit,276
exceedingly,267
o,264
faith,263
about,262
saw,259
being,259
brought,256
spoken,250
wilderness,249
must,244
take,243
saying,233
much,232
manner,232
chapter,232
good,229
every,227
cast,227
church,226
having,226
own,226
moroni,225
then,224
death,220
save,217
themselves,215
cause,214
house,212
israel,210
days,210
give,209
commandments,208
called,207
repent,205
done,205
believe,204
until,201
given,200
am,199
went,199
together,197
hands,196
hand,195
can,193
commanded,191
saith,187
jesus,185
neither,185
face,183
law,183
speak,182
insomuch,181
fathers,181
whom,181
what,178
nevertheless,177
written,176
make,176
seed,173
ammon,173
spake,170
bring,170
world,169
destroy,166
brother,166
voice,164
sons,163
heart,162
sins,162
remember,161
jerusalem,161
end,161
soul,160
fruit,159
wickedness,159
off,156
other,156
see,155
destruction,154
keep,154
caused,153
reign,153
taken,153
slain,151
armies,150
himself,150
kingdom,150
sent,149
any,149
zarahemla,148
blood,148
how,147
thereof,147
mine,147
become,145
way,145
place,145
part,144
nor,143
thing,143
life,142
gentiles,141
heard,141
hast,140
judges,140
like,140
first,139
blessed,139
plates,138
joy,137
army,136
years,134
battle,134
iniquity,134
work,133
evil,133
war,131
than,131
cannot,131
works,131
took,130
doth,128
beheld,128
knowledge,128
cometh,127
let,125
except,125
put,123
destroyed,123
prophets,122
another,122
write,122
record,122
strength,119
fire,118
suffer,118
deliver,118
peace,118
such,116
cry,116
both,116
last,115
perish,115
sword,115
dead,114
heaven,114
same,114
judge,114
through,113
fear,113
fall,112
righteous,111
mosiah,111
seen,110
stand,109
slay,108
known,108
led,107
jacob,107
lehi,107
shalt,105
true,105
receive,104
lands,104
wicked,103
two,103
hear,103
righteousness,102
gathered,101
towards,101
vineyard,101
covenant,100
beloved,99
devil,99
repentance,99
forever,99
light,99
ghost,97
tree,96
none,96
became,96
sea,95
yet,95
show,95
received,94
knew,94
chief,94
gave,92
old,91
iniquities,91
darkness,91
souls,91
round,91
art,91
number,90
angel,90
delivered,90
helaman,90
fallen,90
desire,89
anger,89
eternal,89
wo,88
look,88
salvation,88
eyes,88
lay,87
space,87
jared,87
prepared,87
passed,87
preach,86
flesh,86
never,86
multitude,86
return,86
mighty,85
hearken,85
baptized,85
mercy,84
while,84
yourselves,84
three,84
enemies,83
kept,83
secret,83
nations,81
saved,81
taught,81
resurrection,81
strong,80
coming,80
whosoever,79
her,79
truth,79
fulfilled,79
priests,79
only,78
body,78
glory,78
flocks,77
driven,77
afflictions,77
filled,77
waters,77
state,77
cities,77
teach,77
records,76
coriantumr,76
night,76
verily,76
abominations,75
lest,75
servant,75
some,75
whose,75
borders,75
jews,75
declare,75
lamb,75
moses,75
daughters,75
gone,74
set,74
little,74
under,74
pray,74
prison,73
amulek,73
bondage,73
very,73
servants,73
whole,72
rejoice,72
left,72
cut,72
whatsoever,72
water,72
book,72
found,71
fled,71
justice,70
built,70
angry,69
high,69
hundred,69
mouth,67
s,67
notwithstanding,67
above,66
prisoners,66
possession,65
sought,65
call,65
seek,65
sin,65
amalickiah,64
stood,64
suppose,64
prophet,64
without,64
hosts,64
desirous,63
lifted,63
account,63
flee,63
pride,63
nothing,63
long,63
why,63
expedient,62
command,62
turn,62
generation,62
desired,62
wars,61
captivity,61
remnant,60
full,60
gold,60
appointed,60
scattered,60
gather,60
judgment,60
deny,60
wisdom,59
hell,59
everlasting,59
enter,59
head,59
inheritance,59
prosper,58
march,58
get,58
throughout,58
bear,58
few,58
obtain,58
vain,57
love,57
remainder,57
just,57
arms,57
returned,57
humble,56
she,56
dwell,56
judged,56
beginning,56
wilt,56
carried,56
preserve,55
thousand,55
angels,55
ended,55
twenty,55
robbers,55
weapons,55
limhi,55
second,54
marvelous,54
disciples,54
precious,54
suffered,54
presence,54
feet,54
smite,54
judgment-seat,53
laman,53
ways,53
labor,53
tell,53
most,53
branches,53
mormon,53
wild,53
silver,52
right,52
read,52
back,52
sorrow,52
contentions,52
laid,52
women,52
redemption,51
wives,51
meet,51
continually,51
small,50
hope,50
created,50
fell,50
unbelief,50
aaron,50
surely,49
gain,49
broken,49
east,48
obtained,48
prepare,48
lost,48
manifest,48
build,48
rest,47
ground,47
authority,47
ask,47
liberty,47
order,47
lamoni,47
awful,47
smitten,47
merciful,47
whether,47
four,46
means,46
told,46
stead,46
noah,46
miracles,46
need,46
died,46
fine,46
understand,46
departed,46
myself,46
riches,46
walk,46
believed,45
where,45
zion,45
tents,45
still,45
northward,45
grant,45
testified,45
prophesy,45
needs,45
laban,45
establish,45
worship,45
knoweth,45
numerous,45
wrath,44
river,44
established,44
soon,44
nay,44
parts,44
well,44
contend,44
near,44
raise,44
numbered,44
cried,44
hold,43
joseph,43
food,43
judgments,43
somewhat,43
teancum,43
perhaps,43
wrought,42
midst,42
sign,42
west,42
plan,42
send,42
swords,42
bringeth,42
exceeding,42
begat,42
whoso,42
die,42
inhabitants,42
possess,42
morrow,42
ishmael,42
amen,42
stones,42
thousands,42
always,41
redeemer,41
epistle,41
truly,41
lives,41
harden,41
thine,41
speaking,41
gospel,41
serve,41
scriptures,41
commandment,41
valley,41
promise,41
restored,40
preserved,40
forward,40
wise,40
kind,40
natural,39
desires,39
trust,39
foundation,38
country,38
support,38
chosen,38
curse,38
heavens,38
durst,38
language,38
free,38
lead,38
wine,37
thereby,37
sidon,37
its,37
heads,37
perfect,37
witness,37
pahoran,37
abinadi,37
north,37
garments,37
brass,37
arm,37
thirty,37
provisions,37
spare,36
young,36
dust,36
gideon,36
prophecies,36
ever,36
others,36
thought,36
lift,35
cease,35
repented,35
places,35
forty,35
commit,35
ought,35
kings,35
maintain,35
ether,35
entered,35
bountiful,35
eye,35
south,35
rise,35
murder,35
depart,35
minister,35
child,34
redeemed,34
prayed,34
hardened,34
loss,34
rock,34
stir,34
purpose,34
beasts,34
loins,34
benjamin,34
contention,34
afflicted,33
diligence,33
live,33
testimony,33
seeing,33
times,33
carry,33
zoramites,33
dwelt,33
answered,33
visit,33
remain,33
supposed,33
fought,33
prophecy,33
far,33
fulness,33
captive,32
intent,32
nation,32
open,32
large,32
arose,32
gadianton,32
knowing,32
messiah,32
whither,32
churches,32
between,32
twelve,32
poor,32
bless,32
commencement,32
mind,32
grow,32
greater,32
mother,32
follow,32
rather,32
mountains,32
leader,32
turned,31
grace,31
drink,31
band,31
sixty,31
belong,31
shake,31
minds,31
shiz,31
find,31
inasmuch,31
granted,31
bodies,31
engraven,31
fulfilling,31
goodness,31
prayers,30
names,30
fight,30
promised,30
begin,30
transgression,30
eat,30
murders,30
lemuel,30
gift,30
search,30
sore,30
covenants,30
hide,30
teachers,30
faithful,30
guards,30
cursed,30
hid,30
happiness,30
possible,29
greatness,29
ends,29
traditions,29
bound,29
shown,29
abraham,29
famine,29
freedom,29
preaching,29
walls,29
depths,29
beat,29
looked,29
prayer,29
shedding,29
raised,28
remembrance,28
laws,28
tremble,28
zeezrom,28
remission,28
wax,28
atonement,28
saints,28
converted,28
baptize,28
oath,28
wife,28
abominable,28
grain,28
murdered,28
bringing,27
substance,27
showed,27
fair,27
signs,27
charity,27
fifth,27
since,27
testify,27
prophesied,27
amlicites,27
sacred,27
hill,27
defend,27
bands,27
fourth,27
white,27
partake,27
whoredoms,27
captains,27
third,26
priest,26
observe,26
ammonihah,26
adam,26
keeping,26
hardness,26
baptism,26
break,26
slew,26
jershon,26
whereby,26
seashore,26
sheep,26
governor,26
within,26
journey,26
new,26
shule,26
pure,26
smote,26
sayings,26
satan,26
pursue,25
mourn,25
murmur,25
government,25
knowest,25
born,25
astonished,25
sixth,25
terrible,25
lie,25
course,25
better,25
inherit,25
mankind,25
misery,25
redeem,25
retain,25
doeth,25
mount,25
proceed,25
hitherto,25
morianton,25
camp,24
nephihah,24
cunning,24
sight,24
isaiah,24
five,24
descendant,24
rejected,24
thanks,24
akish,24
half,24
fifty,24
endless,24
tongue,24
doctrine,24
bow,24
declared,24
ammoron,24
ourselves,24
sing,24
possessed,24
tower,24
wroth,24
alone,23
herds,23
awake,23
desiring,23
opened,23
hewn,23
diligently,23
nourished,23
sake,23
till,23
stretched,23
deep,23
feared,23
praise,23
plain,23
heed,23
arise,23
speedily,23
choice,22
seventh,22
temple,22
manti,22
placed,22
bread,22
synagogues,22
promises,22
desolation,22
learned,22
family,22
beyond,22
houses,22
lib,22
temporal,22
wrote,22
hither,22
arrows,22
fast,22
bloodshed,22
forbidden,22
watch,22
queen,22
rod,22
desolate,22
longer,22
once,22
tidings,22
ones,22
cross,22
rich,21
buried,21
drive,21
welfare,21
kindred,21
liveth,21
combinations,21
shepherd,21
hunger,21
thoughts,21
ship,21
living,21
doings,21
possessions,21
mean,21
already,21
top,21
though,21
labors,21
whence,21
strengthen,21
judah,21
understood,21
sit,21
branch,21
exhort,20
believest,20
rebellion,20
leave,20
spiritual,20
understanding,20
compelled,20
going,20
roots,20
enemy,20
continue,20
tribes,20
amulon,20
doing,20
covenanted,20
families,20
ruler,20
witnesses,20
committed,20
trees,20
southward,20
tent,20
encircled,20
lose,20
met,20
matter,20
subject,20
making,20
mourning,20
hard,20
contrary,20
burned,20
remembered,20
spread,20
preparations,20
dissenters,20
season,20
kindreds,20
antipus,20
ninth,20
stiffnecked,20
glad,20
tongues,20
moronihah,20
seventy,19
weakness,19
kishkumen,19
ordained,19
parents,19
age,19
mysteries,19
dissensions,19
didst,19
worth,19
continual,19
appear,19
discovered,19
reason,19
believeth,19
spared,19
shed,19
friends,19
root,19
pitch,19
yield,19
numbers,19
foolish,19
grave,19
restoration,19
sorrowful,19
calling,19
loosed,19
gate,19
eighth,19
hatred,19
utter,19
generations,19
unclean,19
sufficient,19
throne,19
here,18
affairs,18
drunken,18
mercies,18
sealed,18
blessing,18
revile,18
assemble,18
sufficiently,18
iron,18
thirst,18
moreover,18
multitudes,18
surrounded,18
ceased,18
immediately,18
handed,18
astonishment,18
pains,18
utterly,18
exercise,18
patience,18
join,18
labored,18
surety,18
confounded,18
naught,18
slaughter,18
amalekites,18
convinced,18
condemnation,18
egypt,18
six,18
nourish,18
cries,18
sick,18
long-suffering,17
lachoneus,17
favor,17
learn,17
hereafter,17
preparing,17
spirits,17
anything,17
false,17
zerahemnah,17
mightily,17
proclamation,17
repenteth,17
revelation,17
lawyers,17
pursued,17
able,17
rights,17
perceive,17
think,17
morning,17
narrow,17
pleasure,17
middoni,17
mortal,17
filthiness,17
guard,17
swallowed,17
rent,17
ten,17
forgive,17
choose,17
mulek,17
commence,17
divided,16
joined,16
beautiful,16
prophesying,16
inquired,16
pour,16
wounded,16
oft,16
amlici,16
preached,16
guilt,16
meaneth,16
change,16
samuel,16
cloud,16
torment,16
ministry,16
stop,16
wait,16
thank,16
gid,16
visited,16
wherewith,16
helam,16
success,16
blessings,16
sleep,16
writing,16
revelations,16
eighty,16
naked,16
reward,16
treasures,16
plead,16
impart,16
filthy,16
wall,16
exceed,16
wind,15
marched,15
administer,15
perished,15
grieveth,15
overthrow,15
neighbor,15
case,15
tradition,15
firm,15
pertaining,15
pieces,15
poured,15
shilom,15
latter,15
olive-tree,15
sacrifice,15
rebel,15
blind,15
inquire,15
pitched,15
thither,15
month,15
favored,15
meek,15
confess,15
stay,15
trodden,15
answer,15
fortify,15
side,15
bad,15
weary,15
omer,15
fulfil,15
sufferings,15
plainness,15
use,15
bind,15
willing,15
red,15
taking,15
chains,15
receiveth,15
stirred,15
leaders,15
punishment,15
carnal,15
got,15
ran,15
counsel,15
boast,15
happened,15
sure,15
korihor,15
mountain,15
overtake,15
dwindle,15
wonders,15
obey,15
increase,14
aside,14
transgressions,14
cords,14
gifts,14
condemn,14
comforted,14
determined,14
henceforth,14
waste,14
gained,14
daughter,14
moron,14
com,14
punished,14
commenced,14
forgotten,14
creation,14
abroad,14
consecrated,14
deliverance,14
overcome,14
supposing,14
graft,14
sworn,14
money,14
field,14
courage,14
overpower,14
thyself,14
covered,14
reigned,14
path,14
finger,14
quick,14
amongst,14
apparel,14
belief,14
sun,14
strongholds,14
fold,14
lamanite,14
ministered,14
swear,14
circumstances,13
travel,13
persecute,13
proud,13
almighty,13
dark,13
image,13
consider,13
plans,13
isaac,13
idols,13
shut,13
affliction,13
rule,13
air,13
retreat,13
shared,13
struck,13
reap,13
traveled,13
building,13
statutes,13
revealed,13
attack,13
vengeance,13
fierce,13
ear,13
force,13
abundance,13
nearly,13
seal,13
fill,13
defence,13
comfort,13
extended,13
paths,13
buildings,13
otherwise,13
oaths,13
humility,13
shiblon,13
delighteth,13
swept,13
prey,13
corrupted,13
believing,13
apostles,13
grieved,13
bows,13
kill,13
strict,13
horses,13
feed,13
dumb,13
plainly,13
afraid,13
giddianhi,13
household,12
fit,12
wast,12
bitter,12
endure,12
yoke,12
offer,12
falling,12
wounds,12
pleasing,12
corihor,12
jew,12
lehonti,12
compassion,12
smoke,12
crimes,12
steal,12
suffereth,12
condemned,12
seest,12
learning,12
touch,12
boldly,12
reject,12
fully,12
whithersoever,12
bowed,12
plunder,12
conditions,12
shine,12
powerful,12
zenos,12
contain,12
belonged,12
portion,12
attempt,12
bar,12
fields,12
zoram,12
sat,12
delight,12
savior,12
mattereth,12
speaketh,12
armed,12
ancient,12
alive,12
measure,12
victory,12
weak,12
heal,12
rob,12
guilty,12
execute,12
profit,12
multiply,12
hungry,12
ephraim,12
retained,12
boldness,12
feel,12
teacher,12
flight,12
engravings,12
instead,12
heth,12
scourge,11
beginneth,11
spotless,11
master,11
nature,11
obedient,11
begotten,11
slow,11
certain,11
laying,11
healed,11
plant,11
shouldst,11
straight,11
garden,11
purposes,11
abomination,11
planted,11
anti-nephi-lehi,11
adultery,11
endureth,11
dwindled,11
separated,11
err,11
forces,11
security,11
message,11
remained,11
beholdest,11
moved,11
administered,11
fountain,11
nine,11
dream,11
hearkened,11
lived,11
confound,11
infinite,11
bare,11
diligent,11
appoint,11
captain,11
dry,11
ninety,11
frightened,11
murderers,11
blindness,11
daily,11
giveth,11
ore,11
mark,11
strait,11
sunk,11
form,11
bible,11
tender,11
withdraw,11
ashamed,11
descendants,11
equal,11
finished,11
almost,11
king-men,11
changed,11
disputations,11
commandeth,11
isles,11
babylon,11
tarry,11
coriantum,11
lying,11
stoned,11
sweet,11
due,11
anguish,11
mock,11
united,11
present,11
nigh,10
thunder,10
gidgiddoni,10
service,10
twain,10
shadow,10
despised,10
genealogy,10
conferred,10
sanctified,10
contained,10
workmanship,10
future,10
sam,10
cursing,10
vision,10
zeniff,10
act,10
hours,10
prospered,10
self,10
creator,10
canst,10
religion,10
sides,10
soften,10
standing,10
thrust,10
frame,10
ripe,10
ball,10
immortal,10
nowise,10
rocks,10
vessels,10
damnation,10
shields,10
rain,10
becoming,10
brothers,10
discover,10
tempest,10
prove,10
spacious,10
receiving,10
care,10
fruits,10
fortifications,10
pluck,10
ammaron,10
rear,10
cleansed,10
greatly,10
low,10
nehor,10
loose,10
foot,10
safety,10
storm,10
grafted,10
danger,10
thence,10
proceedings,10
digged,10
therein,10
pestilence,10
holiness,10
drew,10
sufficeth,10
loud,10
persuade,10
seer,10
brimstone,10
rejoicing,10
ears,10
claim,10
spies,10
pain,10
sound,10
gates,10
clothe,10
needy,10
breastplates,10
seeking,10
lion,10
wherein,10
husbands,10
cup,10
flattering,10
loved,10
lake,10
faithfulness,10
esteem,10
mouths,10
corrupt,10
protect,10
leadeth,10
threatenings,10
charge,10
advantage,10
today,10
nephite,10
prosperity,10
wood,10
burdens,10
waxed,10
persecutions,10
temptations,10
refused,10
timbers,10
privileges,10
withstood,10
marching,9
garment,9
nineteenth,9
marvel,9
easy,9
elders,9
serpents,9
happy,9
humbled,9
emer,9
altered,9
dispute,9
rejoiced,9
instrument,9
stone,9
burning,9
lyings,9
consigned,9
highly,9
poverty,9
doubt,9
beneath,9
tenth,9
seeds,9
rebelled,9
office,9
manifested,9
property,9
perform,9
hills,9
cumorah,9
convincing,9
temples,9
assistance,9
clothing,9
bonds,9
immortality,9
kingdoms,9
impossible,9
caught,9
dispersed,9
trample,9
expounded,9
eldest,9
witnessed,9
help,9
elder,9
eaten,9
draw,9
singing,9
armor,9
distinguished,9
ascended,9
effect,9
shez,9
meat,9
rehearsed,9
arrived,9
plains,9
burn,9
lied,9
neck,9
killed,9
voices,9
wonder,9
across,9
pay,9
assist,9
afflict,9
bones,9
liar,9
forget,9
mothers,9
becometh,9
mayest,9
lightnings,9
wages,9
youth,9
devils,9
journeyed,9
point,9
transgress,9
either,9
concubines,9
forest,9
linen,9
firmness,9
center,9
temptation,9
greatest,9
removed,9
fury,9
eternity,9
denied,9
enos,9
contrite,9
farewell,9
begun,9
period,9
taste,9
design,9
thirtieth,9
leading,9
corruption,9
try,9
puffed,9
winds,9
chose,9
seeth,9
feast,9
probation,9
commands,9
antiparah,9
divide,8
example,8
whit,8
borne,8
committing,8
girded,8
touched,8
maketh,8
ease,8
cimeters,8
spot,8
quarter,8
abide,8
matchless,8
damned,8
tasted,8
grievous,8
around,8
slings,8
murdering,8
creature,8
blotted,8
waves,8
delightsome,8
risen,8
cover,8
equity,8
crying,8
demands,8
suffering,8
delivering,8
scatter,8
omner,8
scene,8
assyria,8
serpent,8
bank,8
standard,8
guiltless,8
seeketh,8
terror,8
consecrate,8
recover,8
senine,8
finish,8
desirest,8
miracle,8
envyings,8
harlots,8
less,8
close,8
else,8
costly,8
wings,8
anointed,8
telling,8
dissented,8
girdle,8
constrained,8
thunderings,8
shoulders,8
burden,8
ordinances,8
rumors,8
astray,8
drowned,8
inhabited,8
skins,8
egyptians,8
zedekiah,8
anxiety,8
night-time,8
shame,8
declaring,8
kib,8
bury,8
dig,8
shook,8
arrive,8
deceive,8
thorns,8
bowels,8
especially,8
awakened,8
strifes,8
founder,8
tribute,8
avenge,8
pleasant,8
copper,8
itself,8
destructions,8
hated,8
abundantly,8
unless,8
reigneth,8
quake,8
hair,8
pit,8
hate,8
preserving,8
too,8
countries,8
devour,8
faces,8
lesser,8
permitted,8
younger,8
tarried,8
priesthood,8
taketh,8
rend,8
crime,8
hiss,8
woman,8
hunted,8
nights,8
sanctuaries,8
esteemed,8
question,8
degree,8
worketh,8
view,8
whore,8
unite,8
melek,8
hurt,7
wrong,7
wickedly,7
glorify,7
burial,7
speedy,7
freemen,7
causing,7
expound,7
employ,7
forsaken,7
shaken,7
journeying,7
working,7
swollen,7
putteth,7
sidom,7
lehi-nephi,7
walking,7
tears,7
extinct,7
formed,7
necks,7
reviled,7
verified,7
riplakish,7
pull,7
purified,7
tight,7
door,7
male,7
spiritually,7
despise,7
standeth,7
compass,7
healing,7
real,7
custom,7
line,7
books,7
david,7
withstand,7
designs,7
does,7
trials,7
veil,7
desirable,7
protection,7
haste,7
gathereth,7
flock,7
samaria,7
yielded,7
cattle,7
confer,7
stumble,7
desireth,7
entrance,7
accomplish,7
drove,7
cleave,7
followers,7
speed,7
stratagem,7
streets,7
clear,7
succor,7
chariots,7
rulers,7
quarters,7
praying,7
showing,7
run,7
following,7
penitent,7
tens,7
teaching,7
type,7
tribulations,7
persist,7
combination,7
brightness,7
ministering,7
solomon,7
points,7
blameless,7
ignorance,7
appeared,7
proceeded,7
offering,7
widows,7
bright,7
fearing,7
treasure,7
forsake,7
amulonites,7
pervert,7
easily,7
harm,7
awoke,7
nakedness,7
pierce,7
yesterday,7
howl,7
obliged,7
denying,7
giving,7
exchange,7
strive,7
dwelleth,7
supported,7
staff,7
racked,7
remembereth,7
noise,7
female,7
assembled,7
poison,7
shiblom,7
interpretation,7
washed,7
heavenly,7
flame,7
resist,7
cohor,7
obtaining,7
heat,7
serious,7
exalted,7
floods,7
duty,7
robbed,7
lamentation,7
fasting,7
cumeni,7
oh,7
supposeth,7
strange,7
sold,7
plundering,7
meaning,7
leaving,7
spoil,7
tumble,7
sakes,7
hole,6
beauty,6
journeyings,6
spent,6
object,6
fro,6
sow,6
persecution,6
behalf,6
stature,6
darkened,6
troubled,6
siege,6
soberness,6
stretch,6
breath,6
overpowered,6
ascendeth,6
past,6
poisonous,6
followed,6
deeds,6
contended,6
curious,6
interpreters,6
concealed,6
idleness,6
maker,6
tools,6
counted,6
rising,6
omnipotent,6
tempt,6
jeremiah,6
thanksgiving,6
seemeth,6
taxes,6
accursed,6
denieth,6
laboring,6
sharpness,6
chance,6
searched,6
striving,6
wouldst,6
fine-twined,6
gladness,6
observed,6
miserable,6
drawn,6
innocent,6
unavoidably,6
chaff,6
shrink,6
bestowed,6
dance,6
whiteness,6
flames,6
sebus,6
fortified,6
acknowledge,6
slaves,6
husband,6
comes,6
perverse,6
ferocious,6
inspired,6
broke,6
forbear,6
heavy,6
flaming,6
performances,6
clean,6
molten,6
liken,6
vessel,6
persecuted,6
ready,6
lips,6
stumbling,6
cheeks,6
boasting,6
fatigue,6
incorruption,6
fellow,6
tread,6
wills,6
turning,6
uprightly,6
eternally,6
honey,6
bond,6
villages,6
requisite,6
consumed,6
selected,6
offerings,6
lowly,6
seven,6
deaf,6
skin,6
idolatry,6
praises,6
talk,6
monster,6
eighteenth,6
steadfast,6
countenance,6
pacified,6
devilish,6
speech,6
himni,6
trespasses,6
shemlon,6
amaleki,6
particular,6
sharp,6
hundredth,6
orders,6
coriantor,6
glorified,6
spend,6
scalp,6
loveth,6
hopes,6
graven,6
whereof,6
mention,6
prune,6
eight,6
rebuke,6
partakers,6
asunder,6
freely,6
value,6
withdrew,6
sorrows,6
each,6
wear,6
hypocrites,6
captives,6
affixed,6
shortly,6
casting,6
descending,6
escape,6
virgin,6
priestcrafts,6
slaying,6
wrongs,6
memory,6
drinketh,6
delighted,6
conquer,6
deceived,6
gulf,6
fainted,6
utterance,6
endeavor,6
beareth,6
mightest,6
robber,6
separate,6
dish,6
subjected,6
nursing,6
eden,6
inequality,6
stubble,6
heaped,6
baptizing,6
rid,6
backs,6
nethermost,6
malice,6
briers,6
steadfastly,6
precepts,6
crucify,6
divers,6
pleased,6
head-plates,6
press,6
persuadeth,6
kinds,6
want,5
entrusted,5
clothed,5
lemuelites,5
grapes,5
whirlwind,5
listen,5
feeling,5
privilege,5
spit,5
profiteth,5
birth,5
polluted,5
tame,5
endeth,5
pacumeni,5
accomplished,5
reclaim,5
limbs,5
infirmities,5
troubles,5
reckoning,5
neglect,5
bade,5
robe,5
mightier,5
deceivings,5
snare,5
partaking,5
cavity,5
restoring,5
stealing,5
sayest,5
sand,5
sense,5
lasciviousness,5
attitude,5
harrow,5
silks,5
imagine,5
sell,5
ceasing,5
devoured,5
zenock,5
majesty,5
drunk,5
moth,5
forgiveness,5
fulfill,5
counsels,5
animals,5
zemnarihah,5
await,5
lame,5
belongeth,5
regions,5
wander,5
length,5
blows,5
stars,5
steel,5
stronger,5
move,5
magnify,5
adversary,5
smooth,5
convince,5
bearing,5
forests,5
harrowed,5
sabbath,5
remaliah,5
draweth,5
forts,5
powers,5
ponder,5
exercised,5
pursuing,5
chastened,5
hang,5
temporally,5
flatter,5
division,5
trouble,5
regained,5
trial,5
pruned,5
lies,5
looking,5
suffice,5
strengthened,5
yourself,5
friend,5
ishmaelites,5
commander,5
exposed,5
antionum,5
conscience,5
depend,5
partaken,5
excuse,5
history,5
encircle,5
ass,5
syria,5
guide,5
alike,5
game,5
dearly,5
causeth,5
mindful,5
kindled,5
betwixt,5
fifteenth,5
likened,5
crossed,5
escaped,5
imparted,5
unquenchable,5
bed,5
soldiers,5
ordain,5
merry,5
home,5
contending,5
determination,5
prisons,5
interpret,5
reconciled,5
assuredly,5
fiery,5
bitterness,5
unworthy,5
ethem,5
kim,5
consciousness,5
unholy,5
sling,5
perisheth,5
talked,5
disbelieve,5
swore,5
correct,5
pachus,5
reigns,5
running,5
ascend,5
hearthom,5
prudent,5
inviteth,5
alms,5
withheld,5
recall,5
coat,5
complain,5
wither,5
carnage,5
decrees,5
tempests,5
testifying,5
common,5
expert,5
meeting,5
timber,5
adversaries,5
bid,5
patient,5
translate,5
listeth,5
accuse,5
entire,5
honor,5
atone,5
furnace,5
claimeth,5
immovable,5
prolong,5
rezin,5
glorious,5
homes,5
dieth,5
overshadowed,5
proper,5
buy,5
ceaseth,5
eateth,5
feeding,5
conduct,5
grief,5
excellent,5
vapor,5
executed,5
diseases,5
catch,5
workings,5
burnt,5
surround,5
fasted,5
leads,5
says,5
dried,5
descended,5
remaineth,5
performed,5
levi,5
teacheth,5
representation,5
judea,5
wandered,5
beholding,5
professed,5
craftiness,5
barges,5
weep,5
sinned,5
blow,5
confined,5
first-born,5
sanctify,5
womb,5
knows,5
short,5
gilgal,5
paradise,5
gall,5
hit,5
relying,5
ahaz,5
sendeth,5
questions,5
workers,5
selfsame,5
cloth,5
raising,5
interpreted,5
melchizedek,5
eleventh,5
sincerity,5
exhorting,5
agreed,5
tribulation,5
kneel,5
merits,5
fighting,5
orihah,5
murderer,5
unbelievers,5
stirring,5
slothful,4
steadfastness,4
lowliness,4
lengthen,4
vary,4
thrones,4
arrow,4
thinketh,4
stiffneckedness,4
fail,4
pity,4
rehearse,4
along,4
offense,4
petition,4
maintaining,4
bordering,4
saving,4
instructed,4
salt,4
wilfully,4
senum,4
consulted,4
preparatory,4
lebanon,4
hen,4
ax,4
decree,4
goeth,4
foundations,4
enlarge,4
refuse,4
likeness,4
highway,4
reproach,4
murmured,4
justly,4
beforehand,4
play,4
error,4
abound,4
repair,4
submit,4
highways,4
asketh,4
forefathers,4
carrying,4
transpired,4
thieves,4
instruments,4
kish,4
teomner,4
society,4
bloodsheds,4
fourteenth,4
steadiness,4
behooveth,4
forgiven,4
cumber,4
roads,4
foolishness,4
overrun,4
satisfied,4
strangers,4
amazement,4
intercession,4
dogs,4
praising,4
subjects,4
unworthily,4
cow,4
thenceforth,4
sting,4
swell,4
camps,4
mingle,4
bore,4
profession,4
perverting,4
subsist,4
plucked,4
watchmen,4
perceived,4
ripening,4
hideth,4
correspondence,4
sariah,4
buildeth,4
transgressed,4
tomorrow,4
uncircumcised,4
title,4
stain,4
elected,4
resort,4
subjecting,4
sprouteth,4
heaps,4
benefit,4
wolf,4
fraud,4
fools,4
mourned,4
pointing,4
dreadful,4
seventeenth,4
tried,4
banks,4
fruitful,4
thirteenth,4
publish,4
mist,4
jordan,4
grew,4
kindle,4
withered,4
officers,4
unfolded,4
used,4
rejoiceth,4
strife,4
withholding,4
precept,4
pretended,4
regulations,4
required,4
ripened,4
friendly,4
rebuked,4
sackcloth,4
sepulchre,4
experiment,4
stubbornness,4
started,4
final,4
punish,4
consequences,4
envy,4
mortality,4
publisheth,4
manifestations,4
scourged,4
lieth,4
restore,4
distant,4
indignation,4
dominion,4
tabernacle,4
knelt,4
govern,4
snares,4
harass,4
amalickiahites,4
priestcraft,4
room,4
faults,4
believers,4
overtaken,4
damascus,4
revenge,4
struggle,4
wronged,4
ditch,4
ending,4
explain,4
wearing,4
height,4
josephites,4
opportunity,4
rebellions,4
corom,4
deal,4
jarom,4
translated,4
wept,4
privily,4
stirreth,4
council,4
silence,4
fighteth,4
whirlwinds,4
slept,4
protected,4
gathering,4
paid,4
behind,4
treasury,4
beseech,4
enough,4
arts,4
dangerous,4
synagogue,4
disappointed,4
spreading,4
deed,4
founded,4
plunderings,4
deserted,4
mystery,4
difficulty,4
instances,4
least,4
travail,4
particularly,4
remove,4
vine,4
visiting,4
consume,4
often,4
strongest,4
prevail,4
doctrines,4
unbelieving,4
ascension,4
trembling,4
industrious,4
lo,4
warned,4
barley,4
sixteenth,4
oppressor,4
progress,4
exclaim,4
conquered,4
appearance,4
weighed,4
nimrod,4
forbid,4
host,4
worthy,4
princes,4
wish,4
whisper,4
dressed,4
christians,4
nehors,4
haughtiness,4
conceive,4
settled,4
breathe,4
robbing,4
sitting,4
condemneth,4
dethrone,4
formation,4
sober,4
pondering,4
jacobites,4
marveled,4
scripture,4
redeemeth,4
fault,4
quickly,4
mansions,4
hunt,4
amos,4
withhold,4
twentieth,4
altar,4
subjection,4
tumultuous,4
testifieth,4
conversion,4
hedge,4
reveal,4
multiplied,4
slippery,4
sinner,4
findeth,4
moon,4
ox,4
strictly,4
energy,4
grasp,4
governed,4
compel,4
prolonged,4
faint,4
never-ending,4
departure,4
oppressed,4
construct,4
reunited,4
undertaken,4
seasons,4
numberless,4
opposition,4
ahah,4
probationary,4
peopled,4
higher,4
cement,4
chickens,4
stricken,4
towers,4
languages,4
fed,4
purity,4
ships,4
sinners,4
unshaken,4
intention,4
rejoicings,4
grounds,4
tithes,4
supply,4
earthquakes,4
amnigaddah,4
owe,4
uniting,4
hungered,4
railing,3
stabbed,3
valiant,3
fingers,3
owed,3
dragons,3
reprove,3
unworthiness,3
rewarded,3
hidden,3
blinded,3
faculties,3
idle,3
retaining,3
release,3
best,3
wage,3
rolled,3
defiance,3
spin,3
prostrate,3
trusted,3
sherrizah,3
disguise,3
despair,3
eightieth,3
devices,3
fastened,3
howlings,3
melt,3
imaginations,3
refrain,3
stole,3
besides,3
wanderers,3
partook,3
wandering,3
meekness,3
imagined,3
guarded,3
worried,3
conversed,3
wants,3
enable,3
former,3
situation,3
provocation,3
joyful,3
traffic,3
stranger,3
clay,3
lofty,3
wade,3
foreheads,3
agree,3
rust,3
beware,3
easiness,3
rudeness,3
embassy,3
termed,3
preservation,3
fornication,3
covet,3
justify,3
acted,3
publishing,3
mote,3
loathsome,3
pestilences,3
likewise,3
walked,3
fresh,3
continued,3
eve,3
dealings,3
gladly,3
retreated,3
humbleth,3
cherubim,3
purposed,3
halted,3
imperfection,3
scent,3
warfare,3
steer,3
carcasses,3
meant,3
familiar,3
javelin,3
wearied,3
omni,3
glut,3
tossed,3
fatlings,3
rightly,3
oppression,3
hard-hearted,3
pacify,3
unspeakable,3
quaking,3
glance,3
administering,3
provide,3
infested,3
ancients,3
remorse,3
enlightened,3
thick,3
john,3
aminadi,3
executeth,3
rememberest,3
oppress,3
unfold,3
serveth,3
stink,3
hebrew,3
evidences,3
shout,3
shoulder,3
sparing,3
converse,3
howling,3
holding,3
abridgment,3
sending,3
retired,3
lifting,3
ordinance,3
offend,3
inflicted,3
flint,3
atoneth,3
price,3
stained,3
asleep,3
rebuilt,3
dregs,3
fool,3
tilling,3
groanings,3
noble,3
complained,3
enticeth,3
knocketh,3
business,3
intents,3
teareth,3
philistines,3
amount,3
held,3
atoning,3
overshadowing,3
visions,3
wonderful,3
appeareth,3
flattery,3
yieldeth,3
recovered,3
sacrifices,3
justifieth,3
idolatrous,3
headed,3
strugglings,3
grind,3
weakest,3
remaining,3
pillar,3
popular,3
block,3
ignorant,3
murderous,3
outer,3
front,3
chasten,3
secretly,3
wading,3
management,3
spurn,3
battles,3
burying,3
accused,3
assyrian,3
necessary,3
shem,3
broad,3
refuge,3
murmurings,3
persuaded,3
concourses,3
dug,3
antipas,3
chemish,3
sorry,3
void,3
spokesman,3
kinsfolk,3
hosanna,3
inhabitant,3
exhorted,3
manasseh,3
bestow,3
distance,3
preparation,3
seezoram,3
raiment,3
sail,3
threw,3
prosperous,3
availeth,3
cimeter,3
fatherless,3
jealous,3
butter,3
human,3
showeth,3
swelleth,3
bold,3
islands,3
strengthening,3
shim,3
felt,3
aware,3
teeth,3
milk,3
finally,3
praised,3
condescension,3
fly,3
confused,3
encompassed,3
views,3
gird,3
transgressor,3
lick,3
queens,3
seat,3
reading,3
parent,3
pained,3
crucified,3
comprehend,3
considering,3
capable,3
pressing,3
different,3
consisted,3
ornamented,3
acquainted,3
miraculous,3
served,3
unrighteous,3
images,3
gross,3
roar,3
lions,3
further,3
creatures,3
cedars,3
hour,3
den,3
existence,3
render,3
token,3
fish,3
disposition,3
waged,3
gotten,3
nobility,3
joining,3
disturbances,3
swelling,3
corianton,3
breast,3
arouse,3
changeable,3
please,3
breastwork,3
consuming,3
apostle,3
dissension,3
moment,3
toil,3
aminadab,3
openly,3
knock,3
valleys,3
ornaments,3
visionary,3
famines,3
directed,3
stripped,3
single,3
desert,3
graves,3
rivers,3
harvest,3
amnor,3
circumspectly,3
kindness,3
wholly,3
seon,3
calamity,3
request,3
beam,3
fixed,3
accord,3
pouring,3
tremendous,3
stationed,3
seth,3
admonished,3
sherem,3
although,3
supreme,3
cockatrice,3
sandy,3
uttermost,3
repenting,3
direct,3
solemn,3
stronghold,3
acknowledged,3
clapped,3
filling,3
fulfilleth,3
driving,3
plenty,3
treaty,3
whomsoever,3
twice,3
wound,3
lusts,3
published,3
tolerable,3
submissive,3
apart,3
clubs,3
corn,3
uncleanness,3
attempted,3
sinful,3
discern,3
attain,3
doubting,3
provoke,3
succeeded,3
anoint,3
prepareth,3
confessed,3
visitation,3
considered,3
breaketh,3
begging,3
tittle,3
nothingness,3
author,3
week,3
director,3
persons,3
fowls,3
relief,3
cezoram,3
redeeming,3
provided,3
tribe,3
hearkeneth,3
heathen,3
lamentations,3
song,3
fat,3
fearful,3
directions,3
suddenly,3
shielded,3
goat,3
shorn,3
indebted,3
hilt,3
relate,3
instruction,3
added,3
windows,3
sole,3
goats,3
stolen,3
cheek,3
cheer,3
awaken,3
fleeth,3
usurp,3
scroll,3
cases,3
traveling,3
waiting,3
spy,3
ensign,3
messengers,3
trump,3
weeping,3
tax,3
whilst,3
looks,3
eastward,3
honorable,3
hence,3
cain,3
obscurity,3
unknown,3
fowl,3
vigor,3
frustrated,3
jot,3
opening,3
swift,3
valiantly,3
safely,3
respect,3
onidah,3
privileged,3
difficult,3
disturbance,3
lawful,3
unfolding,3
nourishment,3
shurr,2
rashly,2
disturb,2
sailed,2
dimness,2
golden,2
explained,2
hoping,2
fatling,2
types,2
calves,2
confederate,2
endeavoring,2
raiseth,2
sixteen,2
contendeth,2
bloweth,2
threatened,2
ate,2
tempting,2
subtlety,2
bitten,2
blossoms,2
legs,2
rewards,2
willingness,2
giddonah,2
purged,2
tempted,2
liberated,2
foremost,2
limnah,2
blew,2
bled,2
scorn,2
pits,2
loftiness,2
remembering,2
tops,2
matters,2
beset,2
groweth,2
previous,2
firmer,2
steps,2
bottom,2
prophesieth,2
watering,2
thankful,2
beings,2
liberal,2
numbereth,2
crumble,2
exist,2
imparting,2
uttered,2
flood,2
roll,2
comely,2
highness,2
vex,2
lengthened,2
all-powerful,2
studied,2
uprightness,2
nowhere,2
tasks,2
virtue,2
savor,2
grosser,2
strictness,2
date,2
suck,2
dove,2
temperate,2
speakest,2
yielding,2
wolves,2
haughty,2
dwellest,2
establishing,2
worthiness,2
proving,2
snatch,2
depressed,2
favors,2
counselor,2
jewels,2
sad,2
opposite,2
task-masters,2
trembled,2
merit,2
scarce,2
cloak,2
dreamed,2
man-servant,2
borrow,2
marred,2
cumoms,2
agosh,2
fierceness,2
exerciseth,2
sickness,2
disperse,2
hangeth,2
divine,2
saidst,2
whispereth,2
countenances,2
punishments,2
industry,2
gnashing,2
hew,2
hem,2
secreted,2
rush,2
athirst,2
dyed,2
fellow-servants,2
tail,2
amgid,2
interpreting,2
condition,2
ninetieth,2
travails,2
forasmuch,2
reclaimed,2
doom,2
neglected,2
accept,2
dismissed,2
smiting,2
really,2
constraineth,2
peaceable,2
hallowed,2
smile,2
immediate,2
consult,2
seize,2
barren,2
sorrowing,2
sojourn,2
outward,2
rejecting,2
pagag,2
simpleness,2
mildness,2
towns,2
pressed,2
vanish,2
decoy,2
displeased,2
viewing,2
murderings,2
person,2
clasped,2
victims,2
pale,2
agreement,2
considerable,2
hail,2
elements,2
holes,2
partial,2
one-half,2
scarlets,2
unprofitable,2
maid-servant,2
assembly,2
ministers,2
next,2
bent,2
trumpet,2
destroying,2
luster,2
vineyards,2
despiseth,2
decay,2
degrees,2
kiss,2
layeth,2
shum,2
latchet,2
spilt,2
gentile,2
beggar,2
trusting,2
therewith,2
babes,2
lust,2
vultures,2
fervent,2
hypocrite,2
rough,2
unalterable,2
injustice,2
treadeth,2
digging,2
expand,2
realize,2
combine,2
consignation,2
blackness,2
encamp,2
alliance,2
father-in-law,2
compared,2
seraphim,2
tinkling,2
lasted,2
hamath,2
abhorrence,2
blaspheme,2
pursuit,2
study,2
secure,2
plot,2
pierced,2
worm,2
worn,2
quiver,2
mid-day,2
egyptian,2
fever,2
curseth,2
awfulness,2
safe,2
heareth,2
overflow,2
oppose,2
stripling,2
wasted,2
laden,2
accounted,2
enjoyed,2
covering,2
thrice,2
attacked,2
applied,2
marvelings,2
mistake,2
brake,2
springing,2
liberties,2
comnor,2
humbly,2
gods,2
senums,2
josh,2
exalt,2
belongs,2
mocked,2
hardeneth,2
theirs,2
dilemma,2
weaned,2
reception,2
abhorreth,2
divorcement,2
enticing,2
appeal,2
satisfy,2
roaring,2
foreknowledge,2
crept,2
indeed,2
honest,2
invitation,2
pomp,2
pharaoh,2
envying,2
tooth,2
ezrom,2
unconquerable,2
consumeth,2
bracelets,2
justified,2
informed,2
pollutions,2
thinking,2
seams,2
conversing,2
over-zealous,2
duration,2
wheat,2
uneasy,2
throw,2
lot,2
oxen,2
salem,2
repay,2
transgresseth,2
bravery,2
soldier,2
mediator,2
contains,2
offended,2
firmly,2
dread,2
remnants,2
boastings,2
evening,2
rebelling,2
maher-shalal-hash-baz,2
onties,2
asp,2
dirt,2
dung,2
terribly,2
telleth,2
lament,2
toward,2
sensual,2
relieved,2
first-fruits,2
hired,2
beheldest,2
sacrificed,2
borroweth,2
throwing,2
woe,2
distinguish,2
protector,2
secrete,2
whatever,2
paanchi,2
maintenance,2
pace,2
grossly,2
exercising,2
unwearyingness,2
enticings,2
experienced,2
civilization,2
plots,2
placing,2
sinai,2
confessing,2
metals,2
dashed,2
fears,2
drag,2
rested,2
depth,2
suits,2
stiff,2
enforce,2
decreed,2
workest,2
muloki,2
convert,2
felled,2
win,2
infest,2
offereth,2
rebellious,2
stout,2
keepeth,2
mad,2
perfectly,2
manifestation,2
aught,2
bee,2
ungodliness,2
lightly,2
procrastinated,2
bloodthirsty,2
constrain,2
molest,2
fuel,2
joint,2
widow,2
attention,2
sorely,2
importance,2
chiefest,2
admit,2
addition,2
main,2
jesse,2
outcasts,2
skill,2
ziff,2
devised,2
cureloms,2
stakes,2
doubtless,2
inner,2
hoofs,2
admonish,2
midian,2
anti-christ,2
cruel,2
piece,2
malachi,2
perdition,2
star,2
perverted,2
hadst,2
intrigue,2
unrighteousness,2
recommend,2
calf,2
warn,2
warm,2
ensnare,2
transgressors,2
indulge,2
dawn,2
oppressors,2
murdereth,2
destroyeth,2
awaketh,2
thereon,2
bidden,2
spoiled,2
palace,2
quench,2
spindles,2
breathed,2
attempts,2
springs,2
erect,2
idol,2
harshness,2
anchor,2
twenty-four,2
grown,2
kid,2
swearing,2
divideth,2
incorrectness,2
feelings,2
dreams,2
dear,2
daytime,2
sift,2
ores,2
refiner,2
shazer,2
refined,2
flying,2
bordered,2
ravenous,2
wail,2
deceit,2
useful,2
acceptable,2
dreameth,2
tale,2
pickets,2
pointed,2
maid,2
sooner,2
touching,2
elephants,2
shiblum,2
goest,2
prayeth,2
dwelling,2
fleeing,2
dungeons,2
nativity,2
thoughtless,2
trampled,2
cracks,2
dash,2
performance,2
flattered,2
black,2
ornament,2
disappointment,2
mary,2
fiftieth,2
slumber,2
sincere,2
revilings,2
amazed,2
sodom,2
pasture,2
critical,2
lasting,2
fertile,2
strip,2
worms,2
ignorantly,2
immanuel,2
returning,2
chaldeans,2
falleth,2
jonas,2
emptied,2
responsibility,2
usurped,2
stains,2
heirs,2
sanctification,2
compound,2
ashes,2
exquisite,2
disobedience,2
conducted,2
entreated,2
thickets,2
regulation,2
drunkenness,2
unpardonable,2
aged,2
feasting,2
wailing,2
unhappy,2
resolve,2
surrendered,2
idolatries,2
raw,2
solid,2
sorceries,2
proved,2
leopard,2
moldering,2
livest,2
retake,2
examples,2
lucre,2
erected,2
goods,2
framed,2
smiteth,2
hoped,2
sicknesses,2
dunged,2
lend,2
looketh,2
putting,2
subtle,2
imperfections,2
named,2
manna,2
methought,2
privately,2
limb,2
ammonites,2
something,2
reserved,2
noises,2
holds,2
noised,2
impenitent,2
arm-shields,2
slacken,2
messenger,2
rearward,2
reached,2
palestina,2
judgeth,2
dreary,2
mix,2
jashon,2
provoked,2
sally,2
incorruptible,2
sparks,2
stripes,2
mockery,2
beguiled,2
bellows,2
deadness,2
watched,2
watchful,2
pondereth,2
spitting,2
hearest,2
weapon,2
seats,2
add,2
resolved,2
straightway,2
crossing,2
unchangeable,2
rendered,2
zoramite,2
rushed,2
mists,2
wist,2
craft,2
enjoy,2
beaten,2
prints,2
straw,2
description,2
aloud,2
oven,2
hypocrisy,2
several,2
hanged,2
enormity,2
fevers,2
laborer,2
onti,2
hearing,2
heights,2
tool,2
transfiguration,2
flow,2
sanctuary,2
inspire,2
manifesteth,2
crieth,2
byword,2
confusion,2
amaron,2
ammah,2
heeded,2
assembling,2
scattering,2
zeal,2
amoz,2
displeasure,2
everything,2
cord,2
passeth,2
laborers,2
rely,2
waketh,2
moveth,2
adorn,2
check,2
setting,2
faster,2
passage,2
level,2
witchcrafts,2
slumbered,2
soothsayers,2
expressly,2
pearls,2
besought,2
aright,2
stroke,2
innumerable,2
vital,2
corners,2
abounding,2
attended,2
swine,2
sorroweth,2
faculty,2
appealed,2
millions,2
persuasions,2
chastity,2
gives,2
wide,2
nazareth,2
nimrah,2
later,2
ariseth,2
horrible,2
well-beloved,2
bindeth,2
region,2
quiet,2
afterwards,2
pole,2
deposited,2
direction,2
sheaves,2
affrighted,2
delicate,2
changing,2
rose,2
reduced,2
snatched,2
nails,2
zealous,2
choirs,2
dispersion,2
forbade,2
regard,2
heardest,2
grass,2
frighten,2
toiled,2
incorrect,2
abyss,2
requested,2
ladders,2
worse,2
reins,2
sue,2
covenanting,2
slothfulness,2
stiffness,2
supplicate,2
mire,2
last-born,2
proclaimed,2
chiefly,2
shore,2
granteth,2
inward,2
dross,2
sucking,2
hunter,2
clouds,2
instructions,2
expect,2
inflict,2
fuller,2
thrown,2
enlarged,2
store,2
riplah,2
stall,2
stalk,2
reckon,2
reach,2
measured,2
repulsed,2
suckling,2
martyrdom,2
declined,2
lamenting,2
sweep,2
goodly,2
workmen,2
spears,2
lower,2
edge,2
stating,2
prince,2
confederacy,2
fragments,2
consolation,2
all-searching,2
abinadom,2
prophesyings,2
condescensions,2
warning,2
endurance,2
breasts,2
happier,2
uphold,2
fenced,2
rabbanah,2
capital,2
slayeth,2
youngest,2
separation,2
consumption,2
procrastinate,2
robbings,2
supplication,2
perishing,2
restrain,2
practice,2
footstool,2
profound,2
related,2
prayest,2
rites,2
regaining,2
lamanitish,2
knees,2
eye-witness,2
fortieth,2
neighboring,2
darkest,2
married,2
righteously,2
closet,2
closed,2
withdrawn,2
abandoned,2
jehovah,2
uzziah,2
conceived,2
beast,2
whale,2
wealthy,2
console,2
shipping,2
dearth,2
ranks,2
writings,1
ringlets,1
figs,1
prize,1
persisted,1
tires,1
elegant,1
errors,1
natures,1
sinew,1
strike,1
glass,1
hurl,1
accomplishment,1
plunged,1
leaped,1
unjust,1
hoe,1
groaned,1
complaining,1
damage,1
hot,1
acknowledgeth,1
shores,1
wing,1
profaned,1
zenephi,1
uriah,1
rescued,1
nobles,1
easier,1
antum,1
interrupt,1
angola,1
scattereth,1
cheerfully,1
assured,1
pleadeth,1
knit,1
disturbed,1
channels,1
wash,1
instruct,1
needed,1
listed,1
exclaimed,1
doors,1
wells,1
reverence,1
wondereth,1
insects,1
meetings,1
liest,1
bliss,1
mend,1
south-southeast,1
altogether,1
bashan,1
esteeming,1
hasten,1
saul,1
unstopped,1
fain,1
lots,1
rings,1
score,1
twinkling,1
lamah,1
demanded,1
asked,1
overpowereth,1
union,1
mingleth,1
exactness,1
depravity,1
worked,1
skirts,1
obeying,1
spiritually-minded,1
severity,1
visitations,1
preachings,1
veils,1
girding,1
gimgimno,1
crown,1
scorcheth,1
grievously,1
overshadow,1
sobbings,1
torturing,1
proven,1
floor,1
house-tops,1
smell,1
edom,1
palms,1
maimed,1
burdeneth,1
breadth,1
chain,1
indolent,1
fatigued,1
exact,1
tear,1
settle,1
esteemeth,1
burneth,1
galilee,1
address,1
dwindling,1
sprouted,1
bloody,1
emron,1
opposed,1
wondering,1
syrians,1
subsistence,1
everywhere,1
valued,1
pretend,1
indolence,1
thirsteth,1
thanking,1
revolted,1
wine-bibber,1
privation,1
tendency,1
flaxen,1
torn,1
overpowering,1
repaired,1
entering,1
prudently,1
dethroning,1
inwardly,1
wine-press,1
liberally,1
rewardeth,1
aboard,1
unloose,1
potter,1
pretendeth,1
cite,1
folly,1
warriors,1
handing,1
standard-bearer,1
knee,1
knowingly,1
elam,1
cutteth,1
condemning,1
clave,1
isabel,1
alarming,1
moons,1
elijah,1
spark,1
amoron,1
allowance,1
boaz,1
horeb,1
wherewithal,1
babblings,1
endured,1
brow,1
fame,1
deseret,1
delivereth,1
defy,1
naphtali,1
deceiving,1
plunderers,1
dart,1
pruning-hooks,1
thinks,1
sprung,1
swarms,1
lively,1
parties,1
complete,1
survived,1
abused,1
rage,1
aiath,1
severally,1
abolish,1
incomprehensible,1
mass,1
weariness,1
causes,1
straitened,1
anti-nephi-lehies,1
carriages,1
healer,1
prevailed,1
carchemish,1
hopeth,1
brutal,1
apprised,1
company,1
spoils,1
stated,1
scab,1
dress,1
information,1
relinquished,1
wiles,1
pleaded,1
everlastingly,1
trade,1
brim,1
clefts,1
consign,1
assemblies,1
begged,1
limher,1
reduce,1
operation,1
viol,1
disfigure,1
medes,1
sicken,1
bestead,1
rooted,1
slipped,1
trampleth,1
threatening,1
saint,1
peaceably,1
warmly,1
endlessly,1
satisfieth,1
marriage,1
swiftly,1
darts,1
unequal,1
sometimes,1
stoning,1
dragged,1
defended,1
wrapt,1
ripliancum,1
indifference,1
obeyeth,1
dependent,1
hilts,1
banner,1
pleasures,1
devourer,1
approaching,1
heshlon,1
shiloah,1
zechariah,1
thrive,1
renewed,1
worthless,1
filth,1
silenced,1
lovest,1
forgetting,1
satyrs,1
tells,1
shorter,1
fainteth,1
michmash,1
sixtieth,1
gallim,1
unwearied,1
yields,1
spring,1
cankered,1
mights,1
behave,1
breastplate,1
sick-beds,1
sacrament,1
jacobugath,1
occupy,1
redoubled,1
peeped,1
charmed,1
mocum,1
reconcile,1
raging,1
mattock,1
laziness,1
amiss,1
concerned,1
petitions,1
magic,1
jotham,1
marry,1
anxious,1
raca,1
rack,1
expressed,1
fifteen,1
defeat,1
opinion,1
murmuring,1
confidence,1
eleven,1
sharply,1
wedge,1
weaker,1
beckoned,1
weaken,1
animal,1
establishment,1
blocks,1
writ,1
thigh,1
doubtful,1
warred,1
strewed,1
prophetess,1
cush,1
transparent,1
wallowing,1
persecutest,1
setteth,1
scorch,1
glasses,1
joyed,1
mete,1
unprepared,1
spill,1
stimulate,1
feasts,1
dwelling-place,1
accusing,1
gentle,1
defending,1
clearly,1
viewed,1
overthrew,1
soap,1
device,1
perceiving,1
perversion,1
transformeth,1
listened,1
taxed,1
succored,1
ravening,1
streams,1
conclude,1
geba,1
zebulun,1
carrieth,1
coals,1
gebim,1
typifying,1
ransom,1
prospering,1
softening,1
increased,1
madest,1
ransomed,1
scantiness,1
stagger,1
persecuting,1
thief,1
daylight,1
choosing,1
shone,1
passion,1
posterity,1
hiding,1
foretold,1
storehouse,1
construction,1
proveth,1
chained,1
soreness,1
shrunk,1
ear-rings,1
triumphant,1
denote,1
hindereth,1
hearers,1
fir-trees,1
plundered,1
nursed,1
renowned,1
abhor,1
adorning,1
unsteadiness,1
pathros,1
jacom,1
blasphemy,1
occasioned,1
horn,1
preacher,1
lamb-skin,1
enacteth,1
consisting,1
lonesome,1
ignominious,1
doleful,1
inflicting,1
vapors,1
soever,1
sarah,1
plow,1
retaking,1
ascribe,1
groves,1
overspread,1
perverteth,1
fortifying,1
agony,1
shimnilom,1
beach,1
austere,1
counseled,1
choicest,1
slavery,1
reasonable,1
observance,1
mangled,1
fellowship,1
engrave,1
carnally-minded,1
timothy,1
guile,1
admonitions,1
binds,1
readeth,1
constellations,1
cumbered,1
shelem,1
extending,1
exercises,1
proverb,1
nostrils,1
precarious,1
wrung,1
nephew,1
wrested,1
rahab,1
caves,1
sleepeth,1
terms,1
mincing,1
limhah,1
climate,1
misunderstand,1
infirm,1
sorrowed,1
faint-hearted,1
sinim,1
hoist,1
physician,1
thrash,1
launched,1
exile,1
descend,1
flatteries,1
prescribed,1
ragged,1
jaredites,1
hinderment,1
arpad,1
fared,1
reuniting,1
sitteth,1
disadvantage,1
trembleth,1
asking,1
plow-shares,1
peep,1
impenetrable,1
months,1
deception,1
accordingly,1
mysterious,1
generosity,1
anew,1
evidence,1
guessed,1
ephah,1
dying,1
reality,1
falsely,1
certainly,1
rending,1
presented,1
altering,1
upper,1
brave,1
repents,1
reproveth,1
helpless,1
pleasingly,1
havoc,1
oaks,1
supporting,1
appears,1
burdensome,1
pillow,1
agates,1
lending,1
marked,1
trieth,1
captivate,1
wonderfully,1
club,1
abasing,1
purge,1
ammonihahites,1
refine,1
brazen,1
flourish,1
candles,1
embassies,1
tablets,1
cold,1
trifle,1
tending,1
conquerors,1
halt,1
nob,1
provision,1
intrigues,1
entirely,1
vexation,1
happen,1
transfigured,1
worshiped,1
cart,1
advantages,1
palaces,1
profess,1
wimples,1
size,1
checked,1
silent,1
exerted,1
similitude,1
thieving,1
taxation,1
artificer,1
stoutness,1
ramah,1
ramath,1
swelled,1
prick,1
undertakings,1
erred,1
gratified,1
risest,1
effectual,1
burst,1
notice,1
receded,1
discernible,1
reluctantly,1
wheels,1
abish,1
homely,1
abridging,1
embrace,1
amalekite,1
worry,1
pester,1
enjoyment,1
passing,1
traps,1
charges,1
severe,1
firebrands,1
disputing,1
exult,1
stung,1
repetitions,1
early,1
ruled,1
zealously,1
passions,1
gomorrah,1
gibeah,1
innocence,1
head-plate,1
stare,1
removing,1
start,1
lop,1
groan,1
abhorrest,1
sallying,1
describe,1
sheath,1
teasings,1
spurneth,1
mammon,1
torches,1
pool,1
vines,1
forswear,1
doubted,1
bull,1
divisions,1
horror,1
ceaseless,1
learner,1
repugnant,1
scoffing,1
tracks,1
sealing,1
virgins,1
injure,1
ruleth,1
bushes,1
abridged,1
helped,1
offender,1
sapphires,1
visage,1
northernmost,1
cows,1
daggers,1
reluctance,1
absence,1
vomit,1
desperately,1
excellency,1
stopped,1
moriancumer,1
unnatural,1
toiling,1
base,1
persists,1
persuading,1
beggars,1
heritages,1
horse,1
obedience,1
gazelem,1
ogath,1
translation,1
grey,1
bride,1
tabret,1
chastisement,1
lit,1
aggravating,1
bridle,1
alpha,1
tongs,1
scorched,1
distressing,1
northern,1
saveth,1
seantum,1
during,1
counseleth,1
immerse,1
alteration,1
baldness,1
entereth,1
pictures,1
won,1
missing,1
poorer,1
kneeled,1
secrets,1
despitefully,1
luram,1
collected,1
threaten,1
empty,1
bidding,1
rope,1
walketh,1
stoppeth,1
overlooked,1
riotous,1
conflict,1
committeth,1
succoring,1
zerin,1
herewith,1
decayed,1
questioned,1
lacking,1
dominions,1
baseness,1
resorted,1
spareth,1
adulterous,1
providence,1
hypocritical,1
stem,1
supplicating,1
heritage,1
despisers,1
reed,1
loving,1
ordered,1
doest,1
unwise,1
gilead,1
preachers,1
departeth,1
smiled,1
restrained,1
resolving,1
requires,1
commandest,1
arrogancy,1
watered,1
nourishing,1
mischiefs,1
disputings,1
exclaimeth,1
engraving,1
gadiandi,1
foresee,1
manage,1
feller,1
remains,1
preparator,1
unfaithful,1
crosses,1
nurture,1
pulling,1
canker,1
chiefs,1
rations,1
hermounts,1
enclose,1
masters,1
divides,1
pools,1
upward,1
provoketh,1
ankles,1
sands,1
exceeded,1
tarrying,1
special,1
dissenter,1
engraved,1
possessing,1
signify,1
adopted,1
beard,1
herself,1
providing,1
enforced,1
captivation,1
shiblons,1
assurances,1
grudgingly,1
ark,1
blades,1
adieu,1
intentions,1
camped,1
astonishing,1
shield,1
partners,1
rash,1
arabian,1
inherited,1
employed,1
joins,1
dwellings,1
spotted,1
irreantum,1
powder,1
tend,1
arraigned,1
allotted,1
swearers,1
flocking,1
turneth,1
immense,1
treat,1
hoisted,1
smoking,1
cuts,1
encircles,1
harder,1
unstop,1
lambs,1
deadly,1
purifier,1
crushed,1
blindeth,1
cumenihah,1
hinder,1
employeth,1
narrowness,1
mufflers,1
searches,1
fountains,1
leathern,1
grieve,1
signed,1
devise,1
stab,1
secondly,1
obstruction,1
consists,1
declareth,1
sway,1
fists,1
vast,1
crops,1
sweepeth,1
hagoth,1
clothes,1
lights,1
net,1
snared,1
ascribing,1
piercing,1
howbeit,1
joshua,1
calm,1
survive,1
scepters,1
shepherds,1
yoketh,1
interposition,1
candlestick,1
defer,1
descends,1
owls,1
operate,1
befall,1
silverlings,1
glutting,1
mixeth,1
leaned,1
afforded,1
forgot,1
merchants,1
hushed,1
content,1
reader,1
mistress,1
comforter,1
heweth,1
acquaint,1
witnessing,1
helem,1
silly,1
wielded,1
ravished,1
sees,1
seem,1
tubaloth,1
divulge,1
mathonihah,1
hoods,1
replenished,1
regular,1
nighttime,1
dog,1
principle,1
jeberechiah,1
resisting,1
debts,1
godliness,1
softly,1
exacted,1
noon-day,1
mournfully,1
shaven,1
shaved,1
forty-three,1
sorts,1
warrior,1
lazy,1
covenanteth,1
gushed,1
vainness,1
interest,1
hearkening,1
neas,1
neat,1
clinging,1
knewest,1
handmaids,1
governors,1
undaunted,1
stiffened,1
practices,1
qualities,1
yours,1
ezias,1
coarseness,1
rameumptom,1
vilest,1
appellation,1
dispelled,1
keeper,1
oreb,1
anointing,1
riotings,1
victorious,1
landing,1
powerfully,1
fort,1
lilies,1
covert,1
zeram,1
excel,1
faction,1
dies,1
killeth,1
invent,1
mile,1
abundant,1
governments,1
stiffen,1
divorced,1
banished,1
ites,1
travels,1
shave,1
dealing,1
shaketh,1
reunite,1
earthquake,1
carbuncles,1
bruised,1
slackened,1
merely,1
sawest,1
olive,1
orator,1
evil-doers,1
deformed,1
judgment-seats,1
mar,1
strokes,1
purify,1
shoes,1
kumen,1
healeth,1
hasteneth,1
hemmed,1
assurance,1
sheddeth,1
refuseth,1
requireth,1
frequent,1
smiter,1
anyone,1
moisture,1
antionah,1
cleanse,1
venture,1
migron,1
hearer,1
flattereth,1
answering,1
massacred,1
fills,1
iniquitous,1
shot,1
shod,1
shoe,1
corner,1
bittern,1
hailed,1
firstborn,1
anathoth,1
slaughters,1
kumenonhi,1
enumerated,1
invite,1
stretches,1
accusation,1
maintained,1
moriantum,1
offered,1
congregations,1
promising,1
bathe,1
middle,1
loosing,1
movements,1
harsh,1
wizards,1
struggling,1
deserting,1
stomacher,1
scorner,1
firstlings,1
evils,1
accountable,1
admonishing,1
unsearchable,1
admitting,1
secrecy,1
deceits,1
lightning,1
audience,1
nose,1
robbery,1
thirsted,1
gainsaying,1
witchcraft,1
confirm,1
understandings,1
grafting,1
one-tenth,1
notable,1
stations,1
mixed,1
road,1
whiter,1
pastures,1
oppressions,1
gore,1
ophir,1
moles,1
general,1
examine,1
grasped,1
planets,1
prospereth,1
peradventure,1
sheum,1
resolution,1
destroyers,1
bestir,1
reminding,1
helorum,1
lawyer,1
residue,1
associate,1
prostrated,1
movement,1
vale,1
christs,1
stretching,1
extinction,1
tabeal,1
dew,1
groaneth,1
chaldees,1
abandon,1
stubborn,1
compare,1
narrowly,1
dragon,1
coal,1
skilful,1
infant,1
displease,1
energies,1
famished,1
late,1
worshiping,1
laish,1
obeyed,1
laugheth,1
harp,1
worshipers,1
acting,1
razor,1
conduit,1
peaked,1
treated,1
ditches,1
filleth,1
griefs,1
archeantus,1
eggs,1
waster,1
charitable,1
weigh,1
carefully,1
depended,1
dividing,1
ruin,1
defiled,1
faileth,1
silk,1
wrongfully,1
tended,1
smallest,1
getteth,1
lightness,1
foreign,1
afar,1
faggots,1
simple,1
unsuccessful,1
create,1
thistles,1
cruelty,1
gad,1
straiten,1
bill,1
lull,1
complaints,1
keys,1
infused,1
task,1
injuries,1
letting,1
scales,1
source,1
deliberately,1
dare,1
circumcision,1
big,1
smallness,1
grossest,1
ripeness,1
candle,1
pronounced,1
pen,1
continuing,1
rebelleth,1
commanding,1
frames,1
errand,1
derangement,1
frenzied,1
delighting,1
shearjashub,1
deprive,1
cure,1
dimmed,1
becomes,1
confine,1
explaining,1
mustereth,1
cheateth,1
gravel,1
arrayed,1
confounding,1
arrange,1
shock,1
hardening,1
bleeding,1
proceedeth,1
access,1
pleading,1
sink,1
extreme,1
talent,1
climb,1
composed,1
wasteth,1
comprehendeth,1
train,1
debtors,1
changeth,1
contempt,1
daring,1
watery,1
furious,1
forgiveth,1
whereon,1
acres,1
pangs,1
cutting,1
feedeth,1
heapeth,1
burdened,1
fourteen,1
widowhood,1
deprived,1
cures,1
seventy-six,1
doubtings,1
decrease,1
chased,1
readiness,1
pointers,1
abolished,1
costliness,1
prisoner,1
traitor,1
thicket,1
perfection,1
awkwardness,1
shearers,1
awaits,1
attempting,1
monarchy,1
instant,1
attributed,1
swallow,1
striketh,1
commend,1
writeth,1
finisher,1
devoureth,1
homer,1
respecter,1
commending,1
closets,1
boweth,1
tumbling,1
twelfth,1
injured,1
cubit,1
sisters,1
crisping-pins,1
straightness,1
arming,1
reformed,1
tortureth,1
admitted,1
convey,1
shinar,1
manifesting,1
waving,1
imparteth,1
actual,1
serviceable,1
introduced,1
ablom,1
wheresoever,1
ridge,1
siron,1
enticed,1
glimmer,1
communion,1
deaths,1
oak,1
appetite,1
poorest,1
neum,1
risk,1
hireling,1
softened,1
withers,1
parted,1
infancy,1
street,1
shining,1
casteth,1
containeth,1
fatness,1
supplies,1
leaves,1
garners,1
asses,1
slaughtered,1
barbarous,1
shoot,1
quarrel,1
joyous,1
ceremony,1
swiftness,1
demanding,1
parallel,1
receivedst,1
unpunished,1
upside,1
wine-presses,1
sickle,1
shadows,1
healings,1
sorcerers,1
bonnets,1
newly,1
carcass,1
fadeth,1
fret,1
habitations,1
overbearance,1
magics,1
confirming,1
curtains,1
incur,1
frankly,1
classes,1
talking,1
regulate,1
snow,1
laughed,1
reputation,1
swifter,1
colors,1
delays,1
mixture,1
bountifully,1
all-wise,1
report,1
ruins,1
farther,1
dwells,1
wrest,1
approach,1
rims,1
news,1
improve,1
daunted,1
bees,1
miraculously,1
stupor,1
purifying,1
forsaking,1
characters,1
pekah,1
embarrassments,1
censured,1
bethabara,1
appease,1
proposed,1
bruise,1
enlighten,1
spanned,1
appearing,1
brutality,1
contradict,1
proudly,1
nahom,1
perfected,1
proceeding,1
hung,1
cauls,1
aha,1
civil,1
bath,1
bats,1
dissenting,1
infidelity,1
class,1
gin,1
advocateth,1
lashed,1
ruined,1
submitting,1
trim,1
shined,1
despising,1
vanished,1
grasps,1
stinketh,1
ridges,1
to-day,1
remarkable,1
varying,1
roe,1
rot,1
leanness,1
congregation,1
cook,1
posts,1
mournings,1
pore,1
sycamores,1
thereat,1
goes,1
reply,1
avenging,1
deniest,1
roared,1
shafts,1
tribunal,1
secured,1
eloquent,1
speaks,1
unawares,1
depriving,1
curing,1
kimnor,1
inform,1
lamented,1
imagining,1
rottenness,1
motions,1
corruptness,1
endeavored,1
gushing,1
equality,1
sprinkle,1
jeneum,1
abel,1
intercourse,1
treading,1
blood-thirsty,1
motion,1
forgettest,1
childhood,1
necessarily,1
molder,1
bounty,1
seduced,1
inexpressible,1
considerest,1
require,1
confesses,1
urge,1
cleared,1
rejecteth,1
quantity,1
trespass,1
bucklers,1
plentifully,1
wool,1
lighted,1
liahona,1
orphans,1
detect,1
crooked,1
seers,1
grieves,1
harshly,1
bricks,1
insist,1
hardly,1
mocking,1
paying,1
shaft,1
furthermost,1
refiners,1
treacherously,1
isle,1
disadvantages,1
nest,1
stealings,1
shemnon,1
guides,1
blot,1
shearer,1
avengeth,1
particle,1
freed,1
pastors,1
informing,1
scornful,1
communication,1
garb,1
accounts,1
determine,1
omega,1
extolled,1
mischief,1
illuminated,1
preside,1
strongly,1
disannul,1
stumbled,1
besom,1
erecting,1
exhausting,1
wanton,1
belonging,1
soles,1
gidgiddonah,1
list,1
undone,1
liars,1
translating,1
quarrelings,1
crush,1
observing,1
pled,1
minon,1
grafts,1
wretched,1
stick,1
salted,1
joints,1
offspring,1
teil-tree,1
breaking,1
feareth,1
madmenah,1
harmless,1
alter,1
insensibility,1
variableness,1
disciple,1
gilgah,1
wondered,1
adhere,1
lucifer,1
leprous,1
bushel,1
revive,1
witnesseth,1
revolution,1
traveler,1
onihah,1
tarshish,1
moab,1
exhortation,1
sware,1
dethroned,1
double,1
cleaveth,1
exert,1
engulf,1
gnash,1
puffing,1
warnings,1
dissolved,1
liberate,1
journeys,1
melody,1
deserts,1
penalty,1
mahah,1
furnaces,1
fastest,1
activity,1
heaping,1
calno,1
thistle,1
creating,1
succeed,1
liquors,1
esrom,1
distress,1
reasons,1
marveling,1
village,1
overlook,1
evildoer,1
plants,1
stumbling-block,1
shortened,1
antiomno,1
viols,1
delicious,1
impede,1
solemnity,1
machinery,1
consecrating,1
loading,1
tormented,1
complaint,1
mathoni,1
separately,1
uproar,1
entice,1
hinted,1
crisis,1
market,1
dormant,1
cautious,1
mingled,1
ani-anti,1
deafness,1
traitors,1
whims,1
seventy-nine,1
childishness,1
mantles,1
upright,1
consist,1
upheld,1
perfectness,1
tumults,1
rains,1
antion,1
inflame,1
suffers,1
wrestle,1
wilfulness,1
resistance,1
obstinate,1
breach,1
inflicteth,1
breathing,1
seized,1
wishes,1
drinking,1
harlot,1
leveled,1
tenderness,1
noted,1
wrestling,1
paleness,1
appeased,1
inmost,1
larger,1
disowned,1
insurrections,1
chaste,1
lodging,1
apply,1
gadiomnah,1
sort,1
thirsty,1
earnestness,1
impeded,1
struggles,1
struggled,1
wrist,1
unbeliever,1
beguile,1
tyrant,1
frailties,1
grievousness,1
flew,1
affections,1
eased,1
envieth,1
proclaim,1
retaken,1
revelator,1
amnihu,1
barns,1
droop,1
retreats,1
headbands,1
consoling,1
shelf,1
shallow,1
creditors,1
bough,1
comest,1
vouching,1
dens,1
pipe,1
chances,1
demons,1
nearer,1
inhabit,1
watching,1
massacre,1
peacemakers,1
penetrate,1
expertness,1
quakings,1
acquired,1
admonition,1
comeliness,1
genius,1
torments,1
adulterers,1
agreements,1
transgressing,1
vanity,1
comforteth,1
ishmaelitish,1
unity,1
firmament,1
awaiteth,1
seeker,1
tails,1
recollection,1
danced,1
smith,1
enact,1
stretched-forth,1
blade,1
leah,1
conveyed,1
linger,1
hairs,1
devouring,1
polished,1
comfortedst,1
callings,1
mutter,1
israelites,1
fires,1
below,1
ruling,1
decreeth,1
allotteth,1
risked,1
incurred,1
upwards,1
